"id","type","model","model_id","category","title","detail","url","status","priority","created","modified"
"1","ページ","Page","2","テーマについて","テーマ「ratio_3_2」とは","baserCMSテーマ「ratio_3_2」の解説ページです。 美しいだけのテーマに、さよならを。「ratio_3_2」は、個人事業主・小規模店舗向けに、不要な機能を取り払い、重要な機能の自由度を強化したテーマです。コンテンツ作成・更新の、負荷軽減を考慮しています。頑張ってCMSを設置し、美しいデザインのテーマを導入しても、ウェブサイトを公開できない人が後を絶ちません。その原因は、やる気だけではありません。配布されているテーマを利用するだけでは&hellip;どんな写真素材を配置したらよいかがわからない必要な項目を追加する方法がわからない不要なパーツを取り除く方法がわからない作ろうとしているサイトに適した配色を決める方法がわからない内容に合わせてカスタマイズする方法がわからない&hellip;のです。「ratio_3_2」は、そういった問題をできる限り解消するため、さまざまな工夫を行っています。不要な機能をカット 画像素材の比率を統一 多数のウィジェットエリア フレームワークの採用 説明書の添付","/about/index","1","0.5","2015-06-26 20:34:05","2015-11-01 17:10:28"
"2","ページ","Page","3","導入手順","0. 素材を用意する","ratio_3_2テーマの導入手順です。 「ratio_3_2」の世界へようこそ！baserCMSは、無事インストールできましたか？さっそくウェブサイトを作りはじめましょう、と言いたいところですが&hellip;ウェブサイトには最低限、どんな情報が必要か、わかっていますか？まずはブラウザを閉じて、以下の素材の調達をはじめましょう。ウェブサイトの基本情報ウェブサイトの名前企業名・店舗名・団体名など。ウェブサイトのロゴこのテーマは文字あり・マークだけ・ロゴなし、どれでも構いません。高さ70ピクセル位の画像を用意してください。メールアドレス・住所・電話番号ウェブサイトに連絡先は必須です。店舗なら、地図を表示するための正確な住所も必要です。検索サイトに関する情報ウェブサイトの正式な名前ウェブサイト名の前に、よく検索される言葉を2・3個、半角スペースでつなげます。たとえば作者のウェビングスタジオのサイトでは、「愛知 北海道 CMS カスタマイズ 復旧なら ウェビングスタジオ」となっています（2015年11月現在）。ウェブサイトの説明文ウェブサイト名で検索したときに、表示される説明文を決めます。こちらにもよく検索されそうな言葉を含めてください。一般に、120文字前後が良いと言われています。なお、baserCMSには「キーワード」を設定する項目がありますが、現在はほとんど検索サイトでは参照されていないため、空欄で構いません。SNSのアカウント情報SNS（ソーシャルネットワーキングサービス）のアカウントはありますか？ひとつもない！？Twitter・Instagram・LINE@・YouTubeチャンネルのどれかを、今すぐ用意しましょう！専門職ならTwitter、若い人との交流が多いならLINE@、きれいな写真や動画をたくさん配信できるなら、InstagramやYouTubeがおすすめです。アカウントを取得したら、メインページのURLをコピーして、控えてください。キャッチコピーウェブサイトの最も重要な写真最低、2枚だけでも用意しましょう。これから調達する場合は、どんな写真にするかだけでも考えましょう。有料（ここ大事）の写真素材、店舗の外観・内装、看板メニューのアップ、ステージの写真、スタッフの笑顔など。写真の見出し・添える説明文このテーマは、それぞれの写真に「見出し」と「説明文」が必要です。特定のページへ移動させることもできます。自分の店舗・団体の「強み」を表す「決めゼリフ」を考えておきましょう。素材集めって、大変ですね。だいたい集まったら、「ratio_3_2」テーマの初期設定に入りましょう。","/installation/index","1","0.5","2015-06-26 20:34:05","2015-11-01 17:17:30"
"4","ブログ","BlogContent","1","","新着情報","ブログの説明文が入ります。ブログの説明文が入ります。ブログの説明文が入ります。ブログの説明文が入ります。ブログの説明文が入ります。ブログの説明文が入ります。ブログの説明文が入ります。ブログの説明文が入ります。","/news/index","1","0.5","2015-06-26 20:34:05","2015-10-31 15:12:30"
"6","ページ","Page","1","","baserCMSテーマ ratio_3_2","ratio_3_2テーマは、個人事業主・小規模店舗向けに、不要な機能を取り払い、コンテンツと更新の負荷軽減を考慮したテーマです。テーマ内のすべての画像が3：2で統一されています。 美しいだけのテーマに、さよならを。重要な機能は親切に、不要な機能はダイエット。10ページ前後の小さなサイトに最適化したテーマです。不要な機能をカットモバイル端末では効果を得にくい「スライドショー」、SNSの普及で利用されなくなった「コメント」など、時代に合わない機能を廃しました。コンテンツ複数の初期データを用意。業種別に最適なコンテンツを、質問に答えながら作成できます。 もっと詳しく画像サイズ全ての画像比率がデジカメ規格の3：2。トリミング不要、素材調達がしやすいテーマです。 もっと詳しく他にもいろいろ…柔軟なカスタマイズができるよう、さまざまな工夫をしています。ドキュメントをご覧ください。 もっと詳しく","/index","1","0.5","2015-06-26 20:34:05","2015-10-29 18:19:52"
"10","ページ","Page","12","サンプル","通常文のサンプル","一般的なHTMLのサンプルです。ページは見出し2、ブログは見出し3から書きはじめてください。baserCMSの仕様で、CKEditorをオンにするとHTMLのコードが崩れてしまうことがあります。HTMLの知識があり、ページを細かく編集したい場合は、オフにしておくことをお勧めします。段落の文章が入ります。段落の文章が入ります。段落の文章が入ります。段落の文章が入ります。段落の文章が入ります。段落の文章が入ります。段落の文章が入ります。段落の文章が入ります。段落の文章が入ります。段落の文章が入ります。段落の文章が入ります。見出し２リスト１リスト２リスト３見出し３連番リスト１連番リスト２連番リスト３見出し４太字文章が入ります。太字文章が入ります。太字文章が入ります。太字文章が入ります。見出し５斜体文章が入ります。斜体文章が入ります。斜体文章が入ります。斜体文章が入ります。見出し６下線付文章が入ります。下線付文章が入ります。下線付文章が入ります。下線付文章が入ります。表見出し表見出し表の文章が入ります。表の文章が入ります。表の文章が入ります。表の文章が入ります。","/sample/index","1","0.5","2015-06-27 12:40:09","2015-10-31 17:03:34"
"11","ページ","Page","13","導入手順","1. テーマの初期データを読み込む","管理画面の「テーマ管理 &gt; テーマ一覧」へ移動し、「ratio_3_2」テーマを有効にしてください。このテーマは、ふたつの初期データを持っています。「default」には、テーマの紹介やこの導入手順が書かれています。テーマをいろいろと試してみたいときに読み込んでください。もう作成するサイトが決まっている場合は、余分なデータが入っていない「blank」を読み込んでください。初期データで使用されている画像についてページ内の画像や、サイドメニューの「べっしーのバナー」は、baserCMSがドメインのルートディレクトリ以外に設置していると表示されません。管理画面の「固定ページ管理」「ウィジェット管理」で、画像が表示されていないimg要素のsrc属性の「サーバーパス」を、設置したサイトでリンクがつながるよう変更してください。例：サイト内の「abc」ディレクトリに設置した場合/theme/ratio_3_2/img/default/&hellip;&rarr;　/abc/theme/ratio_3_2/img/default/&hellip;","/installation/installation01","1","0.5","2015-06-27 15:36:23","2015-12-26 17:14:29"
"12","ページ","Page","14","カスタマイズ","見出しの上を詰める・段落の下を空ける","このテーマは、「見出し」を利用すると、上に空白ができます。このため、ページの先頭に見出しを作ると、大見出しとの間が空いてしまいます。また、書いている文章の内容によっては、間を大きく開けたり、左を一文字分ずらしたくなることもあります。このテーマは、余白を調整するCSSクラスを設けています。見出しの上を詰めるCKEditorを利用している場合は、「ソース」ボタンを押してHTMLソースコードを表示してください。見出し2であれば、以下のようになっているはずです。&lt;h2&gt;この見出しの上を詰めたい&lt;/h2&gt;これに、以下のとおりクラスを追加してください。強制的に上の余白をゼロにします。&lt;h2 class=&quot;mt0&quot;&gt;この見出しの上を詰めたい&lt;/h2&gt;下を大きく開ける下を大きく開けたい段落を探してください。&lt;p&gt;この段落の下を空けたい&lt;/p&gt;これに、以下のとおりクラスを追加してください。この例では、約3行分の空白ができます。&lt;p class=&quot;mt3&quot;&gt;この段落の下を空けたい&lt;/p&gt;数字は、05 / 1 / 15 / 2 / 25 / 3 ... と変更すると、0.5文字〜6文字まで調整できます。&lt;p class=&quot;mt45&quot;&gt;下を4.5行分空けたい&lt;/p&gt;左を一文字分ずらす左をずらしたい範囲を、&lt;div&gt;〜&lt;/div&gt;で囲んでください。&lt;div&gt;&lt;p&gt;字下げしたい&lt;/p&gt;&lt;p&gt;字下げしたい&lt;/p&gt;&lt;p&gt;字下げしたい&lt;/p&gt;&lt;/div&gt;これに、以下のとおりクラスを追加してください。&lt;div class=&quot;pl1&quot;&gt;&lt;p&gt;字下げしたい&lt;/p&gt;&lt;p&gt;字下げしたい&lt;/p&gt;&lt;p&gt;字下げしたい&lt;/p&gt;&lt;/div&gt;divタグはCKEditorでは見ることができないので、慎重に編集してください。また、左右余白は、大きくしすぎるとスマートフォンで読みにくくなってしまいます。","/customize/index","1","0.5","2015-06-27 15:36:53","2015-12-26 19:03:34"
"14","ページ","Page","16","導入手順","2. サイト基本設定を入力する","続いて、管理画面の「システム設定 &gt; サイト基本設定」へ移動してください。運用に必須の情報を、作成するサイトの内容に合わせていきます。このページの情報の入力が終わるまでは、ウェブサイトを公開しないでください（URLをブログに掲載する、Twitterでつぶやくなど）。「baserCMSの公式サイトと同じ内容を掲載している」と検索サイトに判断され、評価が下がってしまうかもしれません。基本項目基本項目の内容は、baserCMSの内容になっています。自分のウェブサイトにあった内容に書き換えてください。WEBサイト名先ほど決めた「正式なウェブサイト名」を入力してください。WEBサイトタイトル先ほど決めた「ウェブサイト名」を入力してください。これは、トップページ以外のタイトルの最後にも表示されます。サイト基本キーワード空欄で構いません。サイト基本説明文先ほど決めた、ウェブサイトの説明文を入力してください。オプション「オプション」ボタンをクリックして細かい設定を開き、以下の項目を編集してください。GoogleMaps住所GoogleMapsの地図を出すことができます。店舗がある場合は、できるだけ正確な住所を書いてください。郵便番号は不要です。モバイル・スマートフォンいずれも、「対応する」のチェックを外してください。このテーマは、端末の画面サイズによって最適な表示を提供します（レスポンシブウェブデザイン）。このため、モバイル用のテンプレートは利用していません。すべて入力したら、画面下の「保存」ボタンを押してください。なお、baserCMSは「保存」ボタンはすべて、画面の下にあります。押し忘れないようにしましょう。","/installation/installation02","1","0.5","2015-10-17 15:55:41","2015-12-26 17:15:00"
"15","ページ","Page","17","導入手順","3. メールフォームの基本設定を入力する","メールフォームから問い合わせをすると、たいていは、返信メールにサイト名や連絡先が書かれています。この設定を行います。メールフォームが不要な場合は、設定の必要はありません。管理画面の「メールフォーム管理 &gt; メールプラグイン基本設定」へ移動してください。このページは、とてもわかりにくい場所にあります。以下のURLに、直接アクセスしてください。[baserCMSを設置したURL]admin/mail/mail_configs/formメールの署名の設定画面になります。最低限「署名：WEBサイト名」「署名：WEBサイトURL」は入力してください。その他の項目は、店舗があるか、電話の問い合わせを受け付けるかによって任意で入力してください。眠くなってきましたね&hellip;起きてください！次はちょっと楽しいですよ！テーマカラーの設定です。","/installation/installation03","1","0.5","2015-10-17 15:57:11","2015-12-26 17:15:21"
"16","ページ","Page","18","導入手順","4. テーマカラーを設定する","管理画面の「テーマ管理 &gt; テーマ設定」へ移動してください。4色の「テーマカラー」を設定できます。ここを変更して保存すると、サイト全体のカラーリングを変えることができます。各色の説明メインページ上部のメインメニュー、大見出しの下線、各ページの「次のページへ」ボタンなど、サイト内で最もよく使われている色です。ロゴがある場合は、ロゴ色を少し薄めにするとちょうど良いです。ロゴがない場合は、サイトの雰囲気に合わせましょう。清潔な雰囲気なら青系、カフェなら茶系、医療系なら緑系がよく利用されます。サブサイト内でとても大きな範囲を占める、背景色です。できるだけ薄い色にしてください。メインカラーをさらに薄くした色でも良いですが、思いつかないときはグレー（eeeeee）、ライトベージュ（ece9e3）が無難です。テキストリンクリンクの色です。新着情報リストの見出し、お問い合わせフォームの送信ボタンにも利用されています。明らかにリンクとわかる濃い目の色がよいですが、真っ赤のような強すぎる色、文字色と同じ色は避けましょう。どこを押したら移動できるかわからなくなります。思いつかないときはロゴカラーやGoogle検索のリンク色（0044CC）でも良いですが、メインカラーが青系であればグリーンやオレンジ、茶系なら暗い赤もバランスが良いです。テキストホバーリンクにカーソルを置いたときだけに使われています。テキストリンクと同じか、やや明るくした色にしてください。設定したら「保存」ボタンを押して、公開ページを確認してください。色が変わっているはずです。雰囲気が合わない場合は少しずつ調整していきましょう。ヘッダ・フッタの色についてヘッダとフッタの色は白に変更できますが、管理画面内ではできません。手順は「カスタマイズ」のページをごらんください。ヘッダ・フッタを白にする","/installation/installation04","1","0.5","2015-10-17 15:58:08","2015-12-26 17:17:38"
"17","ページ","Page","19","導入手順","5.メイン画像を差し替える","続いて、「テーマ管理 &gt; テーマ設定」画面のまま、ロゴとメイン画像を差し替えていきます。この内容はそのまま、トップページの内容として反映されます。ロゴの設定用意したロゴをアップロードしてください。クリックしたときにトップページに戻るようにしたい場合は、「リンク先URL」に、ウェブサイトのトップページのURLを入力してください。ロゴに文字が含まれているとき「説明文」は空欄にしてください。ロゴに文字が含まれていないとき「説明文」とロゴ画像&rsquo;の両方を設定してください。ロゴがないとき既存のロゴ画像を削除し、「説明文」のみ入力してください。メイン画像の設定用意した写真素材をアップロードし、説明文に考えておいた見出しと説明文を入力してください。任意のページへ誘導したい場合は、リンク先URLを入力してください。このとき、「|」（半角パイプ）で区切ると、左側が見出し、右側が説明文となります。また、半角スペースをふたつ続けると、途中改行します。※パイプ区切りがない場合は、見出しのみとなります。※見出しは10文字程度まで表示できます。写真素材が足りない場合メイン画像3・メイン画像4・メイン画像5は、見出しと説明文だけでも表示できます。既存画像を削除してください。メイン画像の文字位置、文字色を変えたい場合一枚目の画像によっては、文字の配置がしっくりこないことがあります。修正手順は「カスタマイズ」のページをごらんください。メイン画像1の文字体裁を変える","/installation/installation05","1","0.5","2015-10-17 15:58:42","2015-12-26 17:18:21"
"18","ページ","Page","20","導入手順","6. SNSアイコンを設定する","このテーマは、ヘッダに「お問い合わせアイコン」「SNSアイコン」を表示することができます。ここを作成するサイトに合わせて修正していきましょう。ウィジェット編集画面へ移動する管理画面「ウィジェットエリア管理 &gt; ウィジェットエリア一覧」へ移動してください。一覧に「ヘッダ::サブメニュー」というエリアがあるので、クリックして編集画面へ移動してください。「アイコンメニュー」ウィジェットについて「ヘッダ::サブメニュー」は、アイコンの編集専用のエリアです。以下の3つのウィジェットが登録されています。アイコンメニュー対応しているすべてのSNSアイコンが入っています。通常はこちらを利用します。「default」データでは、このウィジェットの「利用する」にチェックが入っています。アイコンメニュー（メールのみ）SNSを利用する予定がない場合は、こちらを利用します。「blank」データでは、このウィジェットの「利用する」にチェックが入っています。アイコンメニュー（バックアップ）公開後にSNSアイコンを追加するときのために、アイコンメニューの初期状態を複製を残しています。通常は「利用する」のチェックは外したままにしておき、削除はしないでください。アイコンメニューを編集する利用するアイコンメニューの内容を、以下のとおり編集してください。メール先頭に書かれています。お問い合わせフォームが「contact」ではないときのみ、リンク先（赤太字）を修正してください。&lt;li&gt;&lt;a href=&quot;/contact&quot; class=&quot;btn btn-round btn-mail&quot;&gt;&lt;i class=&quot;fa fa-envelope&quot;&gt;&lt;/i&gt;&lt;span class=&quot;sr-only&quot;&gt;お問い合わせ&lt;/span&gt;&lt;/a&gt;&lt;/li&gt;※ひとつ下のフォルダにbaserCMSを設置したときも、ここのリンクがつながっていません。「http://」からはじまる完全URLに修正してください。メール以外1セットずつ、改行で区切って書かれています。利用していないサービスは、&lt;li&gt;〜&lt;/li&gt;を削除してください。利用している場合は、各サービスのリンク先（赤太字）を、誘導したいアカウントのトップページURLに修正してください。Twitterの場合は、以下のとおりになります。&lt;li&gt;&lt;a href=&quot;[TwitterのURL]&quot; class=&quot;btn btn-round btn-twitter&quot;&gt;&lt;i class=&quot;fa fa-twitter&quot;&gt;&lt;/i&gt;&lt;span class=&quot;sr-only&quot;&gt;Twitter&lt;/span&gt;&lt;/a&gt;&lt;/li&gt;","/installation/installation06","1","0.5","2015-10-17 15:59:30","2015-12-26 17:18:43"
"19","ページ","Page","21","導入手順","7. ウィジェットとフィードを設定する","ウィジェットの表示設定をする管理画面「ウィジェットエリア管理 &gt; ウィジェットエリア一覧」へ移動してください。このテーマには、多数のウィジェットエリアがあります。クリックしてそれぞれの編集画面へ移動し、バナー広告・コールトゥアクションなど、編集が必要なウィジェットは内容を変更してください。また、必要ないパーツがあれば「利用する」のチェックを外してください。ウィジェット（特にテキスト・PHPテンプレート）の削除はしないでください。元に戻せません。任意のウィジェット以下のウィジェットエリアは、利用しなくても問題ありません。「blank」データではすべてのウィジェットが非表示となっています。ホーム::下段ホーム以外::下段下段では、背景に色が付き、PCでは幅広く表示されます。地図などを強調したいときにおすすめですが、スマートフォンではかなり下の方に表示されます。ホーム以外::本文上重要なお知らせがあるときに、ここにテキストウィジェットを追加するのがおすすめです。フィードリーダーウィジェットについてこのテーマでは、「フィードリーダー」プラグインに対応したウィジェットが登録されています。3つの「フィード設定」が登録されており、「1」はTwitter、「2」はInstagram、「3」は外部フィードを読み込む前提となっています。利用する場合は、表示したいエリアの該当ウィジェットの「利用する」のチェックを外してください。初期状態では、baserCMSとウェビングスタジオのアカウントが読み込まれています。変更する方法は「カスタマイズ」のページを参照ください。フィードリーダーを利用する","/installation/installation07","1","0.5","2015-10-17 16:00:26","2015-12-26 17:19:51"
"20","ページ","Page","22","導入手順","8. 固定ページを追加して公開する","サイトならではの情報を提供するサイト公開に必要な設定は完了しました。お疲れさまでした！&hellip;しかし、今のままでは、このウェブサイトならではの情報が何もありません。自慢のお店、商品をどう紹介しますか？診察時間は、何時から何時までですか？休診日はいつですか？あなたのこれまでの作品の写真、印刷物のスキャン、当日のステージスナップはありますか？他の競合よりも、あなたの会社に問い合わせるとよい「理由」はなんですか？団体は何を目的としていて、どのような活動をしてきたのですか？ここで書くことが思いつかず、そのまま力尽きてしまう人が多いのです｡･ﾟ･(ﾉД`)･ﾟ･。同じ業種のサイトを訪問して、掲載すべき内容を調べましょう！過去の実績を整理しましょう！店舗・スタッフ・料理の写真を集めましょう！ページを作るのが無理そうなときは&hellip;最近はスマートフォンの普及もあり、トップページだけですべての内容を紹介するウェブサイトも増えました。このテーマは、HTML編集の知識があり、どうしても情報が少ない場合は、トップページだけでも公開できます。カテゴリーなしの「index」のページを加筆・編集してください。HTMLの編集が苦手な場合、きちんと情報を提供したい場合は、がんばって新しい固定ページを作りましょう。&nbsp;","/installation/installation08","1","0.5","2015-10-17 16:01:05","2015-11-01 19:44:38"
"22","ブログ","BlogPost","5","テスト01","吾輩は猫である。名前はまだ無い。","どこで生れたかとんと見当がつかぬ。何でも薄暗いじめじめした所でニャーニャー泣いていた事だけは記憶している。吾輩はここで始めて人間というものを見た。しかもあとで聞くとそれは書生という人間中で一番獰悪な種族であったそうだ。この書生というのは時々我々を捕えて煮て食うという話である。しかしその当時は何という考もなかったから別段恐しいとも思わなかった。ただ彼の掌に載せられてスーと持ち上げられた時何だかフワフワした感じがあったばかりである。掌の上で少し落ちついて書生の顔を見たのがいわゆる人間というものの見始であろう。この時妙なものだと思った感じが今でも残っている。第一毛をもって装飾されべきはずの顔がつるつるしてまるで薬缶だ。その後猫にもだいぶ逢ったがこんな片輪には一度も出会わした事がない。のみならず顔の真中があまりに突起している。そうしてその穴の中から時々ぷうぷうと煙を吹く。どうも咽せぽくて実に弱った。これが人間の飲む煙草というものである事はようやくこの頃知った。","/news/archives/1","1","0.5","2015-10-19 19:25:01","2015-10-31 15:12:30"
"23","ブログ","BlogPost","6","テスト01","この書生の掌の裏でしばらくはよい心持に坐っておったが","しばらくすると非常な速力で運転し始めた。書生が動くのか自分だけが動くのか分らないが無暗に眼が廻る。胸が悪くなる。到底助からないと思っていると、どさりと音がして眼から火が出た。それまでは記憶しているがあとは何の事やらいくら考え出そうとしても分らない。ふと気が付いて見ると書生はいない。たくさんおった兄弟が一疋も見えぬ。肝心の母親さえ姿を隠してしまった。その上今までの所とは違って無暗に明るい。眼を明いていられぬくらいだ。はてな何でも容子がおかしいと、のそのそ這い出して見ると非常に痛い。吾輩は藁の上から急に笹原の中へ棄てられたのである。ようやくの思いで笹原を這い出すと向うに大きな池がある。吾輩は池の前に坐ってどうしたらよかろうと考えて見た。別にこれという分別も出ない。しばらくして泣いたら書生がまた迎に来てくれるかと考え付いた。ニャー、ニャーと試みにやって見たが誰も来ない。そのうち池の上をさらさらと風が渡って日が暮れかかる。腹が非常に減って来た。泣きたくても声が出ない。仕方がない、何でもよいから食物のある所まであるこうと決心をしてそろりそろりと池を左りに廻り始めた。どうも非常に苦しい。そこを我慢して無理やりに這って行くとようやくの事で何となく人間臭い所へ出た。ここへ這入ったら、どうにかなると思って竹垣の崩れた穴から、とある邸内にもぐり込んだ。縁は不思議なもので、もしこの竹垣が破れていなかったなら、吾輩はついに路傍に餓死したかも知れんのである。一樹の蔭とはよく云ったものだ。この垣根の穴は今日に至るまで吾輩が隣家の三毛を訪問する時の通路になっている。","/news/archives/2","1","0.5","2015-10-19 19:28:08","2015-10-31 15:12:30"
"24","ブログ","BlogPost","7","テスト01","さて邸へは忍び込んだもののこれから先どうして善いか分らない。","そのうちに暗くなる、腹は減る、寒さは寒し、雨が降って来るという始末でもう一刻の猶予が出来なくなった。仕方がないからとにかく明るくて暖かそうな方へ方へとあるいて行く。今から考えるとその時はすでに家の内に這入っておったのだ。ここで吾輩は彼の書生以外の人間を再び見るべき機会に遭遇したのである。第一に逢ったのがおさんである。これは前の書生より一層乱暴な方で吾輩を見るや否やいきなり頸筋をつかんで表へ抛り出した。いやこれは駄目だと思ったから眼をねぶって運を天に任せていた。しかしひもじいのと寒いのにはどうしても我慢が出来ん。吾輩は再びおさんの隙を見て台所へ這い上った。すると間もなくまた投げ出された。吾輩は投げ出されては這い上り、這い上っては投げ出され、何でも同じ事を四五遍繰り返したのを記憶している。その時におさんと云う者はつくづくいやになった。この間おさんの三馬を偸んでこの返報をしてやってから、やっと胸の痞が下りた。吾輩が最後につまみ出されようとしたときに、この家の主人が騒々しい何だといいながら出て来た。下女は吾輩をぶら下げて主人の方へ向けてこの宿なしの小猫がいくら出しても出しても御台所へ上って来て困りますという。主人は鼻の下の黒い毛を撚りながら吾輩の顔をしばらく眺めておったが、やがてそんなら内へ置いてやれといったまま奥へ這入ってしまった。主人はあまり口を聞かぬ人と見えた。下女は口惜しそうに吾輩を台所へ抛り出した。かくして吾輩はついにこの家を自分の住家と極める事にしたのである。","/news/archives/3","1","0.5","2015-10-19 19:28:47","2015-10-31 15:12:30"
"25","ブログ","BlogPost","8","テスト01","吾輩の主人は","滅多に吾輩と顔を合せる事がない。職業は教師だそうだ。学校から帰ると終日書斎に這入ったぎりほとんど出て来る事がない。家のものは大変な勉強家だと思っている。当人も勉強家であるかのごとく見せている。しかし実際はうちのものがいうような勤勉家ではない。吾輩は時々忍び足に彼の書斎を覗いて見るが、彼はよく昼寝をしている事がある。時々読みかけてある本の上に涎をたらしている。彼は胃弱で皮膚の色が淡黄色を帯びて弾力のない不活溌な徴候をあらわしている。その癖に大飯を食う。大飯を食った後でタカジヤスターゼを飲む。飲んだ後で書物をひろげる。二三ページ読むと眠くなる。涎を本の上へ垂らす。これが彼の毎夜繰り返す日課である。吾輩は猫ながら時々考える事がある。教師というものは実に楽なものだ。人間と生れたら教師となるに限る。こんなに寝ていて勤まるものなら猫にでも出来ぬ事はないと。それでも主人に云わせると教師ほどつらいものはないそうで彼は友達が来る度に何とかかんとか不平を鳴らしている。","/news/archives/4","1","0.5","2015-10-19 19:29:31","2015-10-31 15:12:30"
"26","ブログ","BlogPost","9","テスト01","吾輩がこの家へ住み込んだ当時は、主人以外のものにははなはだ不人望であった。","どこへ行っても跳ね付けられて相手にしてくれ手がなかった。いかに珍重されなかったかは、今日に至るまで名前さえつけてくれないのでも分る。吾輩は仕方がないから、出来得る限り吾輩を入れてくれた主人の傍にいる事をつとめた。朝主人が新聞を読むときは必ず彼の膝の上に乗る。彼が昼寝をするときは必ずその背中に乗る。これはあながち主人が好きという訳ではないが別に構い手がなかったからやむを得んのである。その後いろいろ経験の上、朝は飯櫃の上、夜は炬燵の上、天気のよい昼は椽側へ寝る事とした。しかし一番心持の好いのは夜に入ってここのうちの小供の寝床へもぐり込んでいっしょにねる事である。この小供というのは五つと三つで夜になると二人が一つ床へ入って一間へ寝る。吾輩はいつでも彼等の中間に己れを容るべき余地を見出してどうにか、こうにか割り込むのであるが、運悪く小供の一人が眼を醒ますが最後大変な事になる。小供は――ことに小さい方が質がわるい――猫が来た猫が来たといって夜中でも何でも大きな声で泣き出すのである。すると例の神経胃弱性の主人は必ず眼をさまして次の部屋から飛び出してくる。現にせんだってなどは物指で尻ぺたをひどく叩かれた。","/news/archives/5","1","0.5","2015-10-19 19:30:09","2015-10-31 15:12:30"
"27","ブログ","BlogPost","10","テスト01","ゴーシュは町の活動写真館でセロを弾く係りでした。","けれどもあんまり上手でないという評判でした。上手でないどころではなく実は仲間の楽手のなかではいちばん下手でしたから、いつでも楽長にいじめられるのでした。ひるすぎみんなは楽屋に円くならんで今度の町の音楽会へ出す第六交響曲の練習をしていました。トランペットは一生けん命歌っています。ヴァイオリンも二いろ風のように鳴っています。クラリネットもボーボーとそれに手伝っています。ゴーシュも口をりんと結んで眼を皿のようにして楽譜を見つめながらもう一心に弾いています。にわかにぱたっと楽長が両手を鳴らしました。みんなぴたりと曲をやめてしんとしました。楽長がどなりました。「セロがおくれた。トォテテ テテテイ、ここからやり直し。はいっ。」","/news/archives/6","1","0.5","2015-10-19 19:34:41","2015-10-31 15:12:30"
"28","ブログ","BlogPost","11","テスト01","みんなは今の所の少し前の所からやり直しました。","ゴーシュは顔をまっ赤にして額に汗を出しながらやっといま云われたところを通りました。ほっと安心しながら、つづけて弾いていますと楽長がまた手をぱっと拍ちました。「セロっ。糸が合わない。困るなあ。ぼくはきみにドレミファを教えてまでいるひまはないんだがなあ。」みんなは気の毒そうにしてわざとじぶんの譜をのぞき込んだりじぶんの楽器をはじいて見たりしています。ゴーシュはあわてて糸を直しました。これはじつはゴーシュも悪いのですがセロもずいぶん悪いのでした。「今の前の小節から。はいっ。」みんなはまたはじめました。ゴーシュも口をまげて一生けん命です。そしてこんどはかなり進みました。いいあんばいだと思っていると楽長がおどすような形をしてまたぱたっと手を拍ちました。またかとゴーシュはどきっとしましたがありがたいことにはこんどは別の人でした。ゴーシュはそこでさっきじぶんのときみんながしたようにわざとじぶんの譜へ眼を近づけて何か考えるふりをしていました。","/news/archives/7","1","0.5","2015-10-19 19:35:30","2015-10-31 15:12:30"
"29","ブログ","BlogPost","12","テスト01","「ではすぐ今の次。はいっ。」","そらと思って弾き出したかと思うといきなり楽長が足をどんと踏んでどなり出しました。「だめだ。まるでなっていない。このへんは曲の心臓なんだ。それがこんながさがさしたことで。諸君。演奏までもうあと十日しかないんだよ。音楽を専門にやっているぼくらがあの金沓鍛冶だの砂糖屋の丁稚なんかの寄り集りに負けてしまったらいったいわれわれの面目はどうなるんだ。おいゴーシュ君。君には困るんだがなあ。表情ということがまるでできてない。怒るも喜ぶも感情というものがさっぱり出ないんだ。それにどうしてもぴたっと外の楽器と合わないもなあ。いつでもきみだけとけた靴のひもを引きずってみんなのあとをついてあるくようなんだ、困るよ、しっかりしてくれないとねえ。光輝あるわが金星音楽団がきみ一人のために悪評をとるようなことでは、みんなへもまったく気の毒だからな。では今日は練習はここまで、休んで六時にはかっきりボックスへ入ってくれ給え。」みんなはおじぎをして、それからたばこをくわえてマッチをすったりどこかへ出て行ったりしました。ゴーシュはその粗末な箱みたいなセロをかかえて壁の方へ向いて口をまげてぼろぼろ泪をこぼしましたが、気をとり直してじぶんだけたったひとりいまやったところをはじめからしずかにもいちど弾きはじめました。","/news/archives/8","1","0.5","2015-10-19 19:36:19","2015-10-31 15:12:30"
"30","ブログ","BlogPost","13","テスト01","その晩遅くゴーシュは","何か巨きな黒いものをしょってじぶんの家へ帰ってきました。家といってもそれは町はずれの川ばたにあるこわれた水車小屋で、ゴーシュはそこにたった一人ですんでいて午前は小屋のまわりの小さな畑でトマトの枝をきったり甘藍の虫をひろったりしてひるすぎになるといつも出て行っていたのです。ゴーシュがうちへ入ってあかりをつけるとさっきの黒い包みをあけました。それは何でもない。あの夕方のごつごつしたセロでした。ゴーシュはそれを床の上にそっと置くと、いきなり棚からコップをとってバケツの水をごくごくのみました。それから頭を一つふって椅子へかけるとまるで虎みたいな勢でひるの譜を弾きはじめました。譜をめくりながら弾いては考え考えては弾き一生けん命しまいまで行くとまたはじめからなんべんもなんべんもごうごうごうごう弾きつづけました。夜中もとうにすぎてしまいはもうじぶんが弾いているのかもわからないようになって顔もまっ赤になり眼もまるで血走ってとても物凄い顔つきになりいまにも倒れるかと思うように見えました。そのとき誰かうしろの扉をとんとんと叩くものがありました。「ホーシュ君か。」ゴーシュはねぼけたように叫びました。ところがすうと扉を押してはいって来たのはいままで五六ぺん見たことのある大きな三毛猫でした。","/news/archives/9","1","0.5","2015-10-19 19:36:57","2015-10-31 15:12:30"
"31","ブログ","BlogPost","14","テスト01","ゴーシュの畑からとった半分熟したトマトをさも重そうに持って来てゴーシュの前におろして","云いました。「ああくたびれた。なかなか運搬はひどいやな。」「何だと」ゴーシュがききました。「これおみやです。たべてください。」三毛猫が云いました。ゴーシュはひるからのむしゃくしゃを一ぺんにどなりつけました。「誰がきさまにトマトなど持ってこいと云った。第一おれがきさまらのもってきたものなど食うか。それからそのトマトだっておれの畑のやつだ。何だ。赤くもならないやつをむしって。いままでもトマトの茎をかじったりけちらしたりしたのはおまえだろう。行ってしまえ。ねこめ。」すると猫は肩をまるくして眼をすぼめてはいましたが口のあたりでにやにやわらって云いました。「先生、そうお怒りになっちゃ、おからだにさわります。それよりシューマンのトロメライをひいてごらんなさい。きいてあげますから。」「生意気なことを云うな。ねこのくせに。」セロ弾きはしゃくにさわってこのねこのやつどうしてくれようとしばらく考えました。「いやご遠慮はありません。どうぞ。わたしはどうも先生の音楽をきかないとねむられないんです。」「生意気だ。生意気だ。生意気だ。」ゴーシュはすっかりまっ赤になってひるま楽長のしたように足ぶみしてどなりましたがにわかに気を変えて云いました。「では弾くよ。」","/news/archives/10","1","0.5","2015-10-19 19:37:42","2015-10-31 15:12:30"
"32","ブログ","BlogPost","15","テスト01","１ドル８７セント。それで全部。","しかもそのうち６０セントは小銭でした。小銭は一回の買い物につき一枚か二枚づつ浮かせたものです。乾物屋や八百屋や肉屋に無理矢理まけさせたので、しまいに、こんなに値切るなんてという無言の非難で頬が赤くなるほどでした。デラは三回数えてみました。でもやっぱり１ドル８７セント。明日はクリスマスだというのに。これでは、まったくのところ、粗末な小椅子に突っ伏して泣くしかありません。ですからデラはそうしました。そうしているうちに、人生というものは、わあわあ泣くのと、しくしく泣くのと、微笑みとでできており、しかも、わあわあ泣くのが大部分を占めていると思うようになりました。","/news/archives/11","1","0.5","2015-10-19 19:39:36","2015-10-31 16:48:46"
"33","ブログ","BlogPost","16","テスト01","この家の主婦が第一段階から第二段階へと少しづつ移行している間に","家の様子を見ておきましょう。ここは週８ドルの家具付きアパートです。全く筆舌に尽くしがたいというわけではないけれど、浮浪者一掃部隊に気をつけるためにアパートという名前をつけたに違いありません。階下には郵便受けがありましたが手紙が入る様子はなく、呼び鈴はありましたが人間の指では鳴らせそうもありません。その上には「ミスター・ジェームズ・ディリンガム・ヤング」という名前が書かれた名刺が貼ってありました。その「ディリンガム」の文字は、その名の持ち主に週３０ドルの収入があった繁栄の時代にはそよ風にはためいてきました。でもいまや収入は２０ドルに減ってしまい、文字たちはもっと慎ましく謙遜な「Ｄ」一文字に押し縮めようかと真剣に考えているようでした。しかし、ジェームズ・ディリンガム・ヤング氏が家に帰って二階のアパートに着くと、すでにデラとしてご紹介済みのジェームズ・ディリンガム・ヤング夫人が、「ジム」と呼びながら、いつでもぎゅうっと夫を抱きしめるのでした。これはたいへん結構なことですね。","/news/archives/12","1","0.5","2015-10-19 19:40:19","2015-10-31 16:48:24"
"34","ブログ","BlogPost","17","テスト01","デラは泣くのをやめ、頬に白粉をはたくのに意識を集中させました。 デラは窓辺に立ち、灰色の裏庭にある灰色の塀の上を灰色の猫が歩いているのを物憂げに見ました。","明日はクリスマスだというのに、ジムに贈り物を買うお金が１ドル８７セントしかありません。何月も何月もコツコツとためてきたのに、これがその結果なのです。週２０ドルでは、大したことはできません。支出はデラが計算した以上にありました。支出というものはいつだってそういうものでした。ジムへの贈り物を買うのに１ドル８７セントしかないなんて。大切なジムなのに。デラは、ジムのために何かすばらしいものをあげようと、長い間計画していたのです。何か、すてきで、めったにないもの――ジムの所有物となる栄誉を受けるに少しでも値する何かを。","/news/archives/13","1","0.5","2015-10-19 19:40:54","2015-10-31 16:48:06"
"35","ブログ","BlogPost","18","テスト01","その部屋の窓と窓の間には姿見の鏡が掛けられていました。たぶんあなたも","８ドルの安アパートで見たことのあるような姿見でした。たいそう細身で機敏な人だけが、縦に細長い列に映る自分をすばやく見てとって、全身像を非常に正確に把握することができるのでしょう。デラはすらっとしていたので、その技術を会得しておりました。急にデラは窓からくるりと身をひるがえし、その鏡の前に立ちました。デラの目はきらきらと輝いていましたが、顔は２０秒の間、色を失っていたのでした。デラは手早く髪を下ろし、その長さいっぱいまで垂らしました。","/news/archives/14","1","0.5","2015-10-19 19:41:40","2015-10-31 16:47:43"
"36","ブログ","BlogPost","19","テスト01","さて、ジェームズ・ディリンガム・ヤング家には","このブログ記事では、概要欄を入力しています。誇るべき二つのものがありました。一つはジムの金時計です。かつてはジムの父、そしてその前にはジムの祖父が持っていたという金時計。もう一つはデラの髪でした。シバの女王が通風縦孔の向こう側のアパートに住んでいたとしましょう。ある日、デラが窓の外にぬれた髪を垂らして乾かそうとしたら、それだけで、女王様の宝石や宝物は色あせてしまったことでしょう。また、ソロモン王がビルの管理人をやっていて、宝物は地下室に山積みしていたとしましょう。ジムが通りがかりに時計を出すたび、王様はうらやましさのあまり、ひげをかきむしったことでしょう。","/news/archives/15","1","0.5","2015-10-19 19:42:21","2015-10-31 15:19:06"
"37","ページ","Page","24","サンプル","Bootstrapのサンプル","CSSフレームワーク「Bootstrap 3」の、このテーマのデザインに対応しているパーツのサンプルです。詳しい利用方法は下記を参照ください。http://getbootstrap.com/css/http://getbootstrap.com/components/対応していないパーツのデザインを変更する場合は、テーマファイルの /css/style.css に追記してください。.page-headerコンテンツヘッダに利用されています。下のラインにテーマのメインカラーが反映されます。ページの見出しです添え字です&lt;div class=&quot;page-header&quot;&gt;&lt;h1&gt;ページの見出しです&lt;small&gt;添え字です&lt;/small&gt;&lt;/h1&gt;&lt;/div&gt;.btndefault・primary・info・linkが対応しています。default: ボーダーにテーマのリンクカラーが反映されます。primary: 背景にテーマのリンクカラーが反映されます。info: 背景にテーマのメインカラーが反映されます。link: フォームボタンなどに使用すると、通常のリンクと同じ見た目になります。Default　Primary　Success　InfoWarning　Danger　LinkDefault　Primary　Success　Info　Warning　Danger　LinkDefault　Primary　Success　Info　Warning　Danger　Link&lt;p&gt;&lt;button class=&quot;btn btn-lg btn-default&quot; type=&quot;button&quot;&gt;Default&lt;/button&gt;　&lt;button class=&quot;btn btn-lg btn-primary&quot; type=&quot;button&quot;&gt;Primary&lt;/button&gt;　&lt;button class=&quot;btn btn-lg btn-success&quot; type=&quot;button&quot;&gt;Success&lt;/button&gt;　&lt;button class=&quot;btn btn-lg btn-info&quot; type=&quot;button&quot;&gt;Info&lt;/button&gt;&lt;br&gt;&lt;button class=&quot;btn btn-lg btn-warning&quot; type=&quot;button&quot;&gt;Warning&lt;/button&gt;　&lt;button class=&quot;btn btn-lg btn-danger&quot; type=&quot;button&quot;&gt;Danger&lt;/button&gt;　&lt;button class=&quot;btn btn-lg btn-link&quot; type=&quot;button&quot;&gt;Link&lt;/button&gt;&lt;/p&gt;&lt;p&gt;&lt;button class=&quot;btn btn-default&quot; type=&quot;button&quot;&gt;Default&lt;/button&gt;　&lt;button class=&quot;btn btn-primary&quot; type=&quot;button&quot;&gt;Primary&lt;/button&gt;　&lt;button class=&quot;btn btn-success&quot; type=&quot;button&quot;&gt;Success&lt;/button&gt;　&lt;button class=&quot;btn btn-info&quot; type=&quot;button&quot;&gt;Info&lt;/button&gt;　&lt;button class=&quot;btn btn-warning&quot; type=&quot;button&quot;&gt;Warning&lt;/button&gt;　&lt;button class=&quot;btn btn-danger&quot; type=&quot;button&quot;&gt;Danger&lt;/button&gt;　&lt;button class=&quot;btn btn-link&quot; type=&quot;button&quot;&gt;Link&lt;/button&gt;&lt;/p&gt;&lt;p&gt;&lt;button class=&quot;btn btn-sm btn-default&quot; type=&quot;button&quot;&gt;Default&lt;/button&gt;　&lt;button class=&quot;btn btn-sm btn-primary&quot; type=&quot;button&quot;&gt;Primary&lt;/button&gt;　&lt;button class=&quot;btn btn-sm btn-success&quot; type=&quot;button&quot;&gt;Success&lt;/button&gt;　&lt;button class=&quot;btn btn-sm btn-info&quot; type=&quot;button&quot;&gt;Info&lt;/button&gt;　&lt;button class=&quot;btn btn-sm btn-warning&quot; type=&quot;button&quot;&gt;Warning&lt;/button&gt;　&lt;button class=&quot;btn btn-sm btn-danger&quot; type=&quot;button&quot;&gt;Danger&lt;/button&gt;　&lt;button class=&quot;btn btn-sm btn-link&quot; type=&quot;button&quot;&gt;Link&lt;/button&gt;&lt;/p&gt;.labeldefault・primary・infoが対応しています。default: ボーダーにテーマのリンクカラーが反映されます。primary: 背景にテーマのリンクカラーが反映されます。info: 背景にテーマのメインカラーが反映されます。Default　Prmary　Success　Info　Warning　Danger&lt;p&gt;&lt;span class=&quot;label label-default&quot;&gt;Default&lt;/span&gt;　&lt;span class=&quot;label label-primary&quot;&gt;Prmary&lt;/span&gt;　&lt;span class=&quot;label label-success&quot;&gt;Success&lt;/span&gt;　&lt;span class=&quot;label label-info&quot;&gt;Info&lt;/span&gt;　&lt;span class=&quot;label label-warning&quot;&gt;Warning&lt;/span&gt;　&lt;span class=&quot;label label-danger&quot;&gt;Danger&lt;/span&gt;&lt;/p&gt;.thumbnail&lt;img class=&quot;thumbnail img-responsive&quot; src=&quot;画像のURL&quot; /&gt;説明文です説明文です説明文です説明文です説明文です説明文です&lt;div class=&quot;thumbnail&quot;&gt;&lt;img class=&quot;img-responsive&quot; src=&quot;画像のURL&quot; /&gt;&lt;div class=&quot;caption&quot;&gt;&lt;p class=&quot;mb0&quot;&gt;説明文です説明文です説明文です説明文です説明文です説明文です&lt;/p&gt;&lt;/div&gt;&lt;/div&gt;.alertフォームに利用されています。テーマのカラー設定は反映されません。別途スタイルを追加してください。Well done! You successfully read this important alert message.Heads up! This alert needs your attention, but it&#39;s not super important.Warning! Best check yo self, you&#39;re not looking too good.Oh snap! Change a few things up and try submitting again.&lt;div class=&quot;alert alert-success&quot;&gt;&lt;strong&gt;Well done!&lt;/strong&gt; You successfully read this important alert message.&lt;/div&gt;&lt;div class=&quot;alert alert-info&quot;&gt;&lt;strong&gt;Heads up!&lt;/strong&gt; This alert needs your attention, but it&#39;s not super important.&lt;/div&gt;&lt;div class=&quot;alert alert-warning&quot;&gt;&lt;strong&gt;Warning!&lt;/strong&gt; Best check yo self, you&#39;re not looking too good.&lt;/div&gt;&lt;div class=&quot;alert alert-danger&quot;&gt;&lt;strong&gt;Oh snap!&lt;/strong&gt; Change a few things up and try submitting again.&lt;/div&gt;.well背景色にテーマのサブカラーが反映されます。吾輩は猫である。名前はまだ無い。どこで生れたかとんと見当がつかぬ。何でも薄暗いじめじめした所でニャーニャー泣いていた事だけは記憶している。吾輩はここで始めて人間というものを見た。しかもあとで聞くとそれは書生という人間中で一番獰悪な種族であったそうだ。&lt;div class=&quot;well&quot;&gt;&lt;p&gt;吾輩は猫である。名前はまだ無い。どこで生れたかとんと見当がつかぬ。何でも薄暗いじめじめした所でニャーニャー泣いていた事だけは記憶している。吾輩はここで始めて人間というものを見た。しかもあとで聞くとそれは書生という人間中で一番獰悪な種族であったそうだ。&lt;/p&gt;&lt;/div&gt;.table利用できますが、テーマのカラー設定は反映されません。別途スタイルを追加してください。下線のみの表thead/ththead/ththead/thtbody/thtbody/tdtbody/tdtbody/thtbody/tdtbody/tdtbody/thtbody/tdtbody/td全体に罫線がある表thead/ththead/ththead/thtbody/thtbody/tdtbody/tdtbody/thtbody/tdtbody/tdtbody/thtbody/tdtbody/tdちょっとスリムな表thead/ththead/ththead/thtbody/thtbody/tdtbody/tdtbody/thtbody/tdtbody/tdtbody/thtbody/tdtbody/tdレスポンシブ対応の表thead/ththead/ththead/thtbody/thtbody/tdtbody/tdtbody/thtbody/tdtbody/tdtbody/thtbody/tdtbody/td","/sample/bootstrap","1","0.5","2015-10-25 17:16:29","2015-12-26 17:41:32"
"40","ページ","Page","26","テーマについて","不要な機能をカット","スライドショー、最後まで見ますか？ほとんどのCMS用テーマには「スライドショー」があります。かっこよくて人気があるからです。ですが、スマートフォンの小さな画面での訪問が多くなった今、よほど魅力的な写真を使用しない限り、スライドショーの二枚目以降はほとんど意味を成さなくなっています。このテーマでは、テーマ設定の「メイン画像」は、タイル状に表示されます。1枚目が最も大きく、2枚目〜5枚目は、小さめに表示されます。良い写真を用意できないときは、最低限1・2枚目だけでも公開できます。もっと大切な、中身＝コンテンツの作成に集中しましょう。※トップページの修正が必要ですブログコメント、ちゃんと管理できますか？このテーマは、ブログコメントに対応していません。SNSが普及し、各記事にコメントが投稿されるのは、有名人ブログくらいです。また、コメント機能は不快なスパムやフィッシングサイトへの誘導に利用される危険性の方が高く、一般の人には管理しきれません。小規模のウェブサイトではむしろ、不要な機能と言えます。交流はSNSを積極的に使っていきましょう。重要な要素はしっかりと。「ratio_3_2」では、時代に合わない機能を廃する代わりに、ウェブサイトの効果的な運用に必要な要素を充実させています。ページとブログの「前後ページ」デザインの差別化各種SNSアイコン・ブログ記事のシェアボタン追加OGP・Twitterカードへの対応入力しやすいメールフォーム画面メールフォームの送信メール、注意文の文言を再考","/about/about02","1","0.5","2015-10-31 17:50:44","2015-10-31 18:22:25"
"41","ページ","Page","27","テーマについて","画像素材の比率を統一","写真の切り抜き、いりません。デザイン性の高いテーマのほとんどは、「場所ごとに写真が自動で切り抜かれる」ことが多いです。ですが、比率によっては顔が切れてしまったり、建物が全部入りきらなかったり&hellip;写真が得意な人でない限り、切り抜かれたあとも想定した素材を用意するのは、難しいものです。「ratio_3_2」は、テーマ内のすべての画像（メイン画像・ブログ記事のアイキャッチ画像）の写真比率が「3：2」であることを前提としています。3：2は、デジタル一眼レフカメラで撮影した画像の原寸比率です。配布・販売されている画像素材も、ほとんどが3：2となっています。用意した画像をアップロードするだけで、イメージ通りのウェブサイトを作ることができます。&hellip;もちろん、明らかな失敗写真を直すことはできません（；&omega;；｀ ﾌﾞﾜｯ撮り直すか、オンラインの写真加工ツールを使ってみましょう。","/about/about03","1","0.5","2015-10-31 18:03:20","2015-10-31 18:44:16"
"43","ページ","Page","29","テーマについて","多数のウィジェットエリア","ウィジェットを組み合わせて、簡単カスタマイズ。baserCMSには、ブログの新着情報や、広告バナーなどのパーツを簡単に掲載できる「ウィジェット」という機能があります。通常は、サイドメニューだけに使用されているウィジェットですが、この「ratio_3_2」ではメインメニューや本文の上下にも使うことができます。トップページ後半は、すべてウィジェットエリアになっているため、ブログの新着や外部フィードなどのパーツを好きな場所に移動できます。また、今の所不要なパーツは「非表示」にして、内容を消さずに非表示にしておくことも簡単にできます。使い方によっては、最近よく見るウェブサイトのように、ページ先頭に一時的なお知らせを掲載したり、ページ下部に大きな地図や「お問い合わせはこちら」を掲載することもできます。三種類のフィードbaserCMSのフィードは一種類のみですが、このテーマはTwitter・Instagramでは独自のレイアウトで表示することができます。※利用には、外部サービスとの連携が必要です。詳しくは「カスタマイズ」のページを参照ください。Google Adsenceの広告もOK！端末の画面サイズによってレイアウトが変わる「レスポンシブデザイン」テーマの多くには、大きな欠点があります。サイドメニューの幅も伸び縮みするので、タブレットや小型のネットブックでは、Google Adsenseなどの自動広告がはみ出してしまうのです。これは、日本で利用できる多くの自動広告バナーが、幅を伸縮させることができないためです。「ratio_3_2」のサイドメニューは、どんな画面幅でも、300ピクセル以下になることはありません。幅300ピクセルの「レクタングル広告」がぴったり収まります。","/about/about04","1","0.5","2015-10-31 18:18:39","2015-11-01 17:06:15"
"44","ページ","Page","30","テーマについて","フレームワークの採用","もちろん、プロのWeb制作者にも。作者のウェビングスタジオは、CMSを組み込んだウェブサイトの制作・カスタマイズを請け負っています。http://webbingstudio.com/この「ratio_3_2」テーマも実際の制作と同様のクォリティで制作し、世界標準のWeb制作フレームワーク「bootstrap3」と、使いやすいアイコンセット「font awesome」を組み込んでいます。ゼロから制作したい場合は、テーマ内の「style.css」「config.css」を空にすると、bootstrapの初期状態に戻すことができます。スライドショー・タブ・アイコンなど、テーマにはないパーツを追加したい場合は、公式サイトのドキュメントを参照ください。bootstrap 3公式サイトhttp://getbootstrap.com/Font Awesome公式サイトhttp://fortawesome.github.io/Font-Awesome/隠し機能、あります。このテーマでは、bootstrap3以外にも、さまざまなCSSの補助クラスや、PHPの補助関数を追加しています。「カスタマイズ」のページで、よく使う機能の一部をご紹介しています。参照ください。","/about/about05","1","0.5","2015-10-31 18:33:22","2015-11-01 17:07:17"
"45","ページ","Page","31","カスタマイズ","ヘッダ・フッタを白にする","このテーマは、ヘッダ・フッタの色をそれぞれ「白」「黒」に変えることができます。テーマファイルの直接編集が必要となります。心配な場合は必ずコピーを作成してください。テーマファイル内のConfig/bootstrap.phpをテキストエディタで開いてください。先頭に以下のように書かれています。// カラー（白系:white 黒系:black）define(&#39;RATIO32_HEAD_COLOR&#39;, &#39;black&#39;);define(&#39;RATIO32_FOOT_COLOR&#39;, &#39;black&#39;);&#39;black&#39;を&#39;white&#39;に書き換えて保存すると、ヘッダ・フッタがそれぞれ白に変わります。bootstrap.phpには、新着情報の日付フォーマットも設定されています。PHPのdate関数と同様の記述で、表記を変えることができます。","/customize/customize02","1","0.5","2015-11-01 19:16:52","2015-12-26 19:03:34"
"46","ページ","Page","32","カスタマイズ","メイン画像1の文字体裁を変える","メイン画像によっては、上に乗っている文字の位置や色が合わないことがあります。スタイルシートの知識があれば、管理画面から調整することができます。位置を変える管理画面の固定ページ一覧から、トップページ（カテゴリーなしの「index」ページ）の編集画面へ移動してください。ページ下部の「オプション」をクリックすると、「コード」欄に文字位置のスタイルシート定義が書かれています。文字サイズを変える場合は「font-size」を、文字位置を変える場合は「top」「bottom」の数字を変更してください。「width」や「left」を追加すると左右を空けることもできます。なお、「top」「bottom」「width」は必ず、パーセント単位としてください。画面が伸縮したときにずれてしまいます。色を変える「コード」欄に以下のように追記すると、文字が白黒反転します。.mainvisual .jumbotron .h1,.mainvisual .jumbotron h1 {&nbsp;&nbsp; &nbsp;color: #333333;&nbsp;&nbsp; &nbsp;text-shadow: 0px 1px 6px rgba( 255, 255, 255, .75 );}.mainvisual .jumbotron:visited .h1,.mainvisual .jumbotron:hover .h1,.mainvisual .jumbotron:focus .h1,.mainvisual .jumbotron:active .h1,.mainvisual .jumbotron:visited h1,.mainvisual .jumbotron:hover h1,.mainvisual .jumbotron:focus h1,.mainvisual .jumbotron:active h1 {&nbsp;&nbsp; &nbsp;color: #333333;}.mainvisual .jumbotron .jumbotron-caption {&nbsp;&nbsp; &nbsp;background: rgba( 255, 255, 255, .3 );&nbsp;&nbsp; &nbsp;color: #333333;}.mainvisual .jumbotron:visited .jumbotron-caption,.mainvisual .jumbotron:hover .jumbotron-caption,.mainvisual .jumbotron:focus .jumbotron-caption,.mainvisual .jumbotron:active .jumbotron-caption {&nbsp;&nbsp; &nbsp;color: #333333;}","/customize/customize03","1","0.5","2015-11-01 19:18:18","2015-12-26 19:03:35"
"47","ページ","Page","33","カスタマイズ","フィードリーダーを利用する","このテーマでは、三種類の体裁のフィードを表示することができます。Twitter用つぶやき・つぶやいたアカウントID・投稿日時が表示されます。Instagram用写真と文章が表示されます。その他のフィード用タイトル・概要・投稿日が表示されます。Twitter・InstagramのフィードURLを取得するTwitterとInstagramのRSSフィードを取得するには、外部サービスを利用する必要があります。下記のサービスで、アカウント用のRSSフィードを作成し、URLを控えてください。Queryfeedhttps://queryfeed.net/RSS.Stagram!!!http://rss.stagram.tk/フィードURLを登録する管理画面の「フィード管理 &gt; フィード設定一覧」から、各サービスのフィード設定を選択してください。TwitterにはbaserCMS、Instagramにはウェビングスタジオのフィードが登録されています。これを、ご利用のフィードURLに書き換えてください。フィードウィジェットを表示する管理画面の「ウィジェットエリア管理 &gt; ウィジェットエリア一覧」へ移動し、表示したい箇所のフィードウィジェットの「利用する」にチェックを入れてください。「Queryfeed」「RSS.Stagram!!!」は外部サービスです。予告なくサービスが終了する可能性があり、その場合はフィードが正常に表示されなくなりますので、事前にご了承ください。","/customize/customize04","1","0.5","2015-11-01 20:04:37","2015-12-26 19:03:35"
"48","ページ","Page","34","カスタマイズ","画面幅いっぱいに内容を表示する","このテーマは、ページ本文に幅の上限を設けています。帯状に背景色を変える、画像をいっぱいに表示する場合は、以下のようにカスタマイズすると制限を解除できます。HTML・CSSと、baserCMSのテーマ編集の知識が必要となります。すべてのページで解除する通常は、テーマファイル内の「Layout/default.php」が、基本レイアウトとして読み込まれています。このファイル名を「Layout/col1_full.php」と入れ替えると、すべてのページの制限が解除されます。幅を制限すべき箇所は、都度&lt;div class=&quot;container&quot;&gt;〜&lt;/div&gt;を本文に記述してください。特定カテゴリーのみ解除するカテゴリーの作成時に、読み込むテンプレートで「col1_full」を選択すると、そのカテゴリー内のみ制限が解除されます。制限を設けたままで、サイドメニューがない「col1」というテンプレートも選択できます。","/customize/customize05","1","0.5","2015-11-01 20:16:14","2015-12-26 19:03:35"
"49","ページ","Page","35","テーマについて","説明書の添付","この「default」データ内の解説を複製した、PDF版のマニュアルを同梱しています。テーマ内の下記の場所から、FTPソフトなどでダウンロードしてください。[baserCMSを設置したディレクトリ]app/webroot/theme/ratio_3_2/ratio_3_2_manual.pdf","/about/about06","1","0.5","2015-11-01 20:39:36","2015-11-01 20:39:36"
